Preprocessing,Model,Precision,Recall,F1-score,Accuracy
Count Vectorize,Naive Bayes,0.6314859035421001,0.6194486983154671,0.619845271127689,0.6194486983154671
Count Vectorize,Logistic Regression c = 0.1,0.6476430698255511,0.641271056661562,0.6432336750348873,0.641271056661562
Count Vectorize,LightGBM,0.5354217574575949,0.5111026033690659,0.5045025687172001,0.5111026033690659
Word2vec,Logistic Regression c = 0.1,0.7006567773634922,0.6715160796324655,0.6826735291962082,0.6715160796324655
